{"cameraMode":{"drawMode":0,"name":"Shaded","section":"Shading Mode"},"sceneLighting":true,"audioPlay":false,"sceneViewState":{"showFog":true,"showMaterialUpdate":false,"showSkybox":true,"showFlares":true,"showImageEffects":true,"showParticleSystems":true},"in2DMode":false,"pivot":{"x":60.598453521728519,"y":50.53284454345703,"z":397.6014709472656},"rotation":{"x":-0.031146511435508729,"y":0.06443572789430618,"z":0.0017039587255567313,"w":0.9976102113723755},"size":478.3299865722656,"orthographic":false}